写谢懈薪邪,谐褉芯屑泻芯褋褌褜,卸懈胁芯褌薪芯械
520,100,邪薪褌懈_褋谢芯薪
185,45,谢芯锌邪
600,105,邪薪褌懈_褋谢芯薪
190,50,谢芯锌邪
180,42,谢芯锌邪
65,17,邪薪褌懈_褋褍褋谢懈泻
515,145,邪薪褌懈_褋谢芯薪
530,110,邪薪褌懈_褋谢芯薪
555,120,邪薪褌懈_褋谢芯薪
40,15,邪薪褌懈_褋褍褋谢懈泻
20,10,邪薪褌懈_褋褍褋谢懈泻
175,47,谢芯锌邪
560,115,邪薪褌懈_褋谢芯薪
200,55,谢芯锌邪
50,20,邪薪褌懈_褋褍褋谢懈泻
35,13,邪薪褌懈_褋褍褋谢懈泻
575,135,邪薪褌懈_褋谢芯薪
160,48,谢芯锌邪
35,13,邪薪褌懈_褋褍褋谢懈泻
60,18,邪薪褌懈_褋褍褋谢懈泻
150,40,谢芯锌邪
25,19,邪薪褌懈_褋褍褋谢懈泻
540,140,邪薪褌懈_褋谢芯薪
155,52,谢芯锌邪
500,130,邪薪褌懈_褋谢芯薪
585,115,邪薪褌懈_褋谢芯薪
30,12,邪薪褌懈_褋褍褋谢懈泻
70,14,邪薪褌懈_褋褍褋谢懈泻